{
  "models": {
    "llama3.2-vision:11b": {
      "n": 11,
      "orig_f1": 0.7544996834522526,
      "rescored_f1": 0.7544996834522526,
      "orig_title": 0.9090909090909091,
      "rescored_title": 0.9090909090909091
    }
  }
}