{
  "schema_version": 1,
  "ran_at": "2026-05-06T18:42:16.951965+00:00",
  "git_commit": "bcbbd7a6f478af1b2e85b6247d7bfd2a90d165df",
  "corpus_checksum": "06b038e99c7b47fdea842d8d9f2e9b48fe0ec51fb74dd389910c9545350d4a9d",
  "models": [
    {
      "model": "llama3.2-vision:11b",
      "n_scored": 11,
      "n_cold": 1,
      "n_warm": 10,
      "cold_load_s": 52.567,
      "warm_latency_p50": 45.0655,
      "warm_latency_p95": 69.049,
      "warm_latency_max": 600.006,
      "total_wall_s": 1078.637,
      "ingredient_f1_mean": 0.7544996834522526,
      "title_accuracy_mean": 0.9090909090909091,
      "structural_validity_rate": 1.0,
      "latency_gates": {
        "nas_3600s": true,
        "warm_max_120s": false
      }
    }
  ]
}