{
  "models": {
    "qwen2.5vl:7b": {
      "n": 11,
      "orig_f1": 0.7159872213348148,
      "rescored_f1": 0.7159872213348148,
      "orig_title": 0.7727272727272727,
      "rescored_title": 0.7727272727272727
    },
    "qwen2.5vl:3b": {
      "n": 12,
      "orig_f1": 0.7341970344600078,
      "rescored_f1": 0.7341970344600078,
      "orig_title": 0.75,
      "rescored_title": 0.75
    },
    "llama3.2-vision:11b": {
      "n": 12,
      "orig_f1": 0.786780315765823,
      "rescored_f1": 0.786780315765823,
      "orig_title": 0.9166666666666666,
      "rescored_title": 0.9166666666666666
    },
    "minicpm-v:8b": {
      "n": 12,
      "orig_f1": 0.5547476289142956,
      "rescored_f1": 0.5547476289142956,
      "orig_title": 0.7916666666666666,
      "rescored_title": 0.7916666666666666
    }
  }
}