{
  "models": {
    "qwen2.5vl:7b": {
      "n": 12,
      "orig_f1": 0.31239382598078247,
      "rescored_f1": 0.3815297021818761,
      "orig_title": 0.3333333333333333,
      "rescored_title": 0.3333333333333333
    },
    "qwen2.5vl:3b": {
      "n": 12,
      "orig_f1": 0.2912297691400076,
      "rescored_f1": 0.5204471777269261,
      "orig_title": 0.6666666666666666,
      "rescored_title": 0.6666666666666666
    },
    "llama3.2-vision:11b": {
      "n": 6,
      "orig_f1": 0.3658045977011494,
      "rescored_f1": 0.7003829503829504,
      "orig_title": 0.8333333333333334,
      "rescored_title": 0.8333333333333334
    },
    "minicpm-v:8b": {
      "n": 12,
      "orig_f1": 0.2820616883116883,
      "rescored_f1": 0.4538007054673721,
      "orig_title": 0.6666666666666666,
      "rescored_title": 0.7083333333333334
    }
  }
}